[{"pk": 1, "fields": {}, "model": "tcs.votingbucket"}, {"pk": 2, "fields": {}, "model": "tcs.votingbucket"}, {"pk": 3, "fields": {}, "model": "tcs.votingbucket"}, {"pk": 4, "fields": {}, "model": "tcs.votingbucket"}, {"pk": 5, "fields": {}, "model": "tcs.votingbucket"}, {"pk": 6, "fields": {}, "model": "tcs.votingbucket"}, {"pk": 7, "fields": {}, "model": "tcs.votingbucket"}, {"pk": 8, "fields": {}, "model": "tcs.votingbucket"}, {"pk": 9, "fields": {}, "model": "tcs.votingbucket"}, {"pk": 10, "fields": {}, "model": "tcs.votingbucket"}, {"pk": 11, "fields": {}, "model": "tcs.votingbucket"}, {"pk": 12, "fields": {}, "model": "tcs.votingbucket"}, {"pk": 13, "fields": {}, "model": "tcs.votingbucket"}, {"pk": 1, "fields": {}, "model": "tcs.commentbucket"}, {"pk": 2, "fields": {}, "model": "tcs.commentbucket"}, {"pk": 3, "fields": {}, "model": "tcs.commentbucket"}, {"pk": 4, "fields": {}, "model": "tcs.commentbucket"}, {"pk": 5, "fields": {}, "model": "tcs.commentbucket"}, {"pk": 6, "fields": {}, "model": "tcs.commentbucket"}, {"pk": 7, "fields": {}, "model": "tcs.commentbucket"}, {"pk": 8, "fields": {}, "model": "tcs.commentbucket"}, {"pk": 9, "fields": {}, "model": "tcs.commentbucket"}, {"pk": 10, "fields": {}, "model": "tcs.commentbucket"}, {"pk": 11, "fields": {}, "model": "tcs.commentbucket"}, {"pk": 12, "fields": {}, "model": "tcs.commentbucket"}, {"pk": 13, "fields": {}, "model": "tcs.commentbucket"}, {"pk": 14, "fields": {}, "model": "tcs.commentbucket"}, {"pk": 15, "fields": {}, "model": "tcs.commentbucket"}, {"pk": 16, "fields": {}, "model": "tcs.commentbucket"}, {"pk": 17, "fields": {}, "model": "tcs.commentbucket"}, {"pk": 18, "fields": {}, "model": "tcs.commentbucket"}, {"pk": 19, "fields": {}, "model": "tcs.commentbucket"}, {"pk": 20, "fields": {}, "model": "tcs.commentbucket"}, {"pk": 21, "fields": {}, "model": "tcs.commentbucket"}, {"pk": 22, "fields": {}, "model": "tcs.commentbucket"}, {"pk": 23, "fields": {}, "model": "tcs.commentbucket"}, {"pk": 1, "fields": {"name": "Can add permission", "codename": "add_permission", "content_type": 1}, "model": "auth.permission"}, {"pk": 2, "fields": {"name": "Can change permission", "codename": "change_permission", "content_type": 1}, "model": "auth.permission"}, {"pk": 3, "fields": {"name": "Can delete permission", "codename": "delete_permission", "content_type": 1}, "model": "auth.permission"}, {"pk": 4, "fields": {"name": "Can add group", "codename": "add_group", "content_type": 2}, "model": "auth.permission"}, {"pk": 5, "fields": {"name": "Can change group", "codename": "change_group", "content_type": 2}, "model": "auth.permission"}, {"pk": 6, "fields": {"name": "Can delete group", "codename": "delete_group", "content_type": 2}, "model": "auth.permission"}, {"pk": 7, "fields": {"name": "Can add user", "codename": "add_user", "content_type": 3}, "model": "auth.permission"}, {"pk": 8, "fields": {"name": "Can change user", "codename": "change_user", "content_type": 3}, "model": "auth.permission"}, {"pk": 9, "fields": {"name": "Can delete user", "codename": "delete_user", "content_type": 3}, "model": "auth.permission"}, {"pk": 10, "fields": {"name": "Can add content type", "codename": "add_contenttype", "content_type": 4}, "model": "auth.permission"}, {"pk": 11, "fields": {"name": "Can change content type", "codename": "change_contenttype", "content_type": 4}, "model": "auth.permission"}, {"pk": 12, "fields": {"name": "Can delete content type", "codename": "delete_contenttype", "content_type": 4}, "model": "auth.permission"}, {"pk": 13, "fields": {"name": "Can add session", "codename": "add_session", "content_type": 5}, "model": "auth.permission"}, {"pk": 14, "fields": {"name": "Can change session", "codename": "change_session", "content_type": 5}, "model": "auth.permission"}, {"pk": 15, "fields": {"name": "Can delete session", "codename": "delete_session", "content_type": 5}, "model": "auth.permission"}, {"pk": 16, "fields": {"name": "Can add site", "codename": "add_site", "content_type": 6}, "model": "auth.permission"}, {"pk": 17, "fields": {"name": "Can change site", "codename": "change_site", "content_type": 6}, "model": "auth.permission"}, {"pk": 18, "fields": {"name": "Can delete site", "codename": "delete_site", "content_type": 6}, "model": "auth.permission"}, {"pk": 19, "fields": {"name": "Can add competition", "codename": "add_competition", "content_type": 7}, "model": "auth.permission"}, {"pk": 20, "fields": {"name": "Can change competition", "codename": "change_competition", "content_type": 7}, "model": "auth.permission"}, {"pk": 21, "fields": {"name": "Can delete competition", "codename": "delete_competition", "content_type": 7}, "model": "auth.permission"}, {"pk": 22, "fields": {"name": "Can add comment", "codename": "add_comment", "content_type": 8}, "model": "auth.permission"}, {"pk": 23, "fields": {"name": "Can change comment", "codename": "change_comment", "content_type": 8}, "model": "auth.permission"}, {"pk": 24, "fields": {"name": "Can delete comment", "codename": "delete_comment", "content_type": 8}, "model": "auth.permission"}, {"pk": 25, "fields": {"name": "Can add comment bucket", "codename": "add_commentbucket", "content_type": 9}, "model": "auth.permission"}, {"pk": 26, "fields": {"name": "Can change comment bucket", "codename": "change_commentbucket", "content_type": 9}, "model": "auth.permission"}, {"pk": 27, "fields": {"name": "Can delete comment bucket", "codename": "delete_commentbucket", "content_type": 9}, "model": "auth.permission"}, {"pk": 28, "fields": {"name": "Can add problem", "codename": "add_problem", "content_type": 10}, "model": "auth.permission"}, {"pk": 29, "fields": {"name": "Can change problem", "codename": "change_problem", "content_type": 10}, "model": "auth.permission"}, {"pk": 30, "fields": {"name": "Can delete problem", "codename": "delete_problem", "content_type": 10}, "model": "auth.permission"}, {"pk": 31, "fields": {"name": "Can add solution", "codename": "add_solution", "content_type": 11}, "model": "auth.permission"}, {"pk": 32, "fields": {"name": "Can change solution", "codename": "change_solution", "content_type": 11}, "model": "auth.permission"}, {"pk": 33, "fields": {"name": "Can delete solution", "codename": "delete_solution", "content_type": 11}, "model": "auth.permission"}, {"pk": 34, "fields": {"name": "Can add news", "codename": "add_news", "content_type": 12}, "model": "auth.permission"}, {"pk": 35, "fields": {"name": "Can change news", "codename": "change_news", "content_type": 12}, "model": "auth.permission"}, {"pk": 36, "fields": {"name": "Can delete news", "codename": "delete_news", "content_type": 12}, "model": "auth.permission"}, {"pk": 37, "fields": {"name": "Can add log entry", "codename": "add_logentry", "content_type": 13}, "model": "auth.permission"}, {"pk": 38, "fields": {"name": "Can change log entry", "codename": "change_logentry", "content_type": 13}, "model": "auth.permission"}, {"pk": 39, "fields": {"name": "Can delete log entry", "codename": "delete_logentry", "content_type": 13}, "model": "auth.permission"}, {"pk": 40, "fields": {"name": "Can add vote", "codename": "add_vote", "content_type": 14}, "model": "auth.permission"}, {"pk": 41, "fields": {"name": "Can change vote", "codename": "change_vote", "content_type": 14}, "model": "auth.permission"}, {"pk": 42, "fields": {"name": "Can delete vote", "codename": "delete_vote", "content_type": 14}, "model": "auth.permission"}, {"pk": 43, "fields": {"name": "Can add voting bucket", "codename": "add_votingbucket", "content_type": 15}, "model": "auth.permission"}, {"pk": 44, "fields": {"name": "Can change voting bucket", "codename": "change_votingbucket", "content_type": 15}, "model": "auth.permission"}, {"pk": 45, "fields": {"name": "Can delete voting bucket", "codename": "delete_votingbucket", "content_type": 15}, "model": "auth.permission"}, {"pk": 46, "fields": {"name": "Can add implementation", "codename": "add_implementation", "content_type": 16}, "model": "auth.permission"}, {"pk": 47, "fields": {"name": "Can change implementation", "codename": "change_implementation", "content_type": 16}, "model": "auth.permission"}, {"pk": 48, "fields": {"name": "Can delete implementation", "codename": "delete_implementation", "content_type": 16}, "model": "auth.permission"}, {"pk": 49, "fields": {"name": "Can add vote", "codename": "add_vote", "content_type": 7}, "model": "auth.permission"}, {"pk": 50, "fields": {"name": "Can change vote", "codename": "change_vote", "content_type": 7}, "model": "auth.permission"}, {"pk": 51, "fields": {"name": "Can delete vote", "codename": "delete_vote", "content_type": 7}, "model": "auth.permission"}, {"pk": 52, "fields": {"name": "Can add voting bucket", "codename": "add_votingbucket", "content_type": 8}, "model": "auth.permission"}, {"pk": 53, "fields": {"name": "Can change voting bucket", "codename": "change_votingbucket", "content_type": 8}, "model": "auth.permission"}, {"pk": 54, "fields": {"name": "Can delete voting bucket", "codename": "delete_votingbucket", "content_type": 8}, "model": "auth.permission"}, {"pk": 55, "fields": {"name": "Can add comment", "codename": "add_comment", "content_type": 9}, "model": "auth.permission"}, {"pk": 56, "fields": {"name": "Can change comment", "codename": "change_comment", "content_type": 9}, "model": "auth.permission"}, {"pk": 57, "fields": {"name": "Can delete comment", "codename": "delete_comment", "content_type": 9}, "model": "auth.permission"}, {"pk": 58, "fields": {"name": "Can add comment bucket", "codename": "add_commentbucket", "content_type": 10}, "model": "auth.permission"}, {"pk": 59, "fields": {"name": "Can change comment bucket", "codename": "change_commentbucket", "content_type": 10}, "model": "auth.permission"}, {"pk": 60, "fields": {"name": "Can delete comment bucket", "codename": "delete_commentbucket", "content_type": 10}, "model": "auth.permission"}, {"pk": 61, "fields": {"name": "Can add comment alert", "codename": "add_commentalert", "content_type": 17}, "model": "auth.permission"}, {"pk": 62, "fields": {"name": "Can change comment alert", "codename": "change_commentalert", "content_type": 17}, "model": "auth.permission"}, {"pk": 63, "fields": {"name": "Can delete comment alert", "codename": "delete_commentalert", "content_type": 17}, "model": "auth.permission"}, {"pk": 64, "fields": {"name": "Can add competition", "codename": "add_competition", "content_type": 11}, "model": "auth.permission"}, {"pk": 65, "fields": {"name": "Can change competition", "codename": "change_competition", "content_type": 11}, "model": "auth.permission"}, {"pk": 66, "fields": {"name": "Can delete competition", "codename": "delete_competition", "content_type": 11}, "model": "auth.permission"}, {"pk": 67, "fields": {"name": "Can add problem", "codename": "add_problem", "content_type": 12}, "model": "auth.permission"}, {"pk": 68, "fields": {"name": "Can change problem", "codename": "change_problem", "content_type": 12}, "model": "auth.permission"}, {"pk": 69, "fields": {"name": "Can delete problem", "codename": "delete_problem", "content_type": 12}, "model": "auth.permission"}, {"pk": 70, "fields": {"name": "Can add solution", "codename": "add_solution", "content_type": 13}, "model": "auth.permission"}, {"pk": 71, "fields": {"name": "Can change solution", "codename": "change_solution", "content_type": 13}, "model": "auth.permission"}, {"pk": 72, "fields": {"name": "Can delete solution", "codename": "delete_solution", "content_type": 13}, "model": "auth.permission"}, {"pk": 73, "fields": {"name": "Can add implementation", "codename": "add_implementation", "content_type": 14}, "model": "auth.permission"}, {"pk": 74, "fields": {"name": "Can change implementation", "codename": "change_implementation", "content_type": 14}, "model": "auth.permission"}, {"pk": 75, "fields": {"name": "Can delete implementation", "codename": "delete_implementation", "content_type": 14}, "model": "auth.permission"}, {"pk": 76, "fields": {"name": "Can add news", "codename": "add_news", "content_type": 15}, "model": "auth.permission"}, {"pk": 77, "fields": {"name": "Can change news", "codename": "change_news", "content_type": 15}, "model": "auth.permission"}, {"pk": 78, "fields": {"name": "Can delete news", "codename": "delete_news", "content_type": 15}, "model": "auth.permission"}, {"pk": 79, "fields": {"name": "Can add log entry", "codename": "add_logentry", "content_type": 16}, "model": "auth.permission"}, {"pk": 80, "fields": {"name": "Can change log entry", "codename": "change_logentry", "content_type": 16}, "model": "auth.permission"}, {"pk": 81, "fields": {"name": "Can delete log entry", "codename": "delete_logentry", "content_type": 16}, "model": "auth.permission"}, {"pk": 1, "fields": {"name": "WIC 2013", "permissions": []}, "model": "auth.group"}, {"pk": 1, "fields": {"is_staff": true, "last_login": "2013-07-07T18:27:49.372Z", "groups": [1], "last_name": "Farbi\u015b", "username": "karol", "email": "", "user_permissions": [], "date_joined": "2013-07-06T17:32:55Z", "is_superuser": true, "password": "pbkdf2_sha256$10000$pmPARZRWlTxN$GH4AVqsXmSTYQ9YUPMiA0D87+68etz1oZwJOJCv7CE4=", "is_active": true, "first_name": "Karol"}, "model": "auth.user"}, {"pk": 2, "fields": {"is_staff": false, "last_login": "2013-07-08T11:26:27.710Z", "groups": [1], "last_name": "Milarz", "username": "karol2", "email": "", "user_permissions": [], "date_joined": "2013-07-08T10:20:37Z", "is_superuser": false, "password": "pbkdf2_sha256$10000$vLYZdMMsucor$ziMuZzFMUBTh/rJzTST7i0SXMpsSUzfGRknj1G1hxT8=", "is_active": true, "first_name": "Grzegorz"}, "model": "auth.user"}, {"pk": 1, "fields": {"title": "Pozdrowienia", "author": 1, "bucket": 17, "time": "2013-07-07T21:03:09.047Z", "text": "<p>Pozdrowienia dla wszystkich pisz\u0105cych zadania na WIC-a.</p>", "competition": 1}, "model": "tcs.news"}, {"pk": 1, "fields": {"name": "Rozwi\u0105zanie brutalne 1", "expected_score": 20, "author": 1, "difficulty": 3, "bucket": 18, "accepted": true, "date": "2013-07-07T21:16:49Z", "text": "<p>Dla ka\u017cdej pary wierzcho\u0142k\u00f3w liczymy odleg\u0142o\u015b\u0107 algorytmem BFS.</p>", "coolness": 2, "problem": 1}, "model": "tcs.solution"}, {"pk": 2, "fields": {"name": "Rozwi\u0105zanie brutalne 2", "expected_score": 40, "author": 1, "difficulty": 5, "bucket": 19, "accepted": true, "date": "2013-07-07T21:17:52Z", "text": "<p>Z ka\u017cdego wierzcho\u0142ka puszczamy BFS i dodajemy do wyniku sum\u0119 g\u0142\u0119boko\u015bci.</p>", "coolness": 4, "problem": 1}, "model": "tcs.solution"}, {"pk": 3, "fields": {"name": "Rozwi\u0105zanie wzorcowe", "expected_score": 100, "author": 1, "difficulty": 7, "bucket": 20, "accepted": true, "date": "2013-07-07T21:19:04Z", "text": "<p>Dla ka\u017cdej kraw\u0119dzi liczymy ile razy wyst\u0119puje na \u015bcie\u017ckach. Tj. dla ka\u017cdej kraw\u0119dzi dodajemy w(e) *(n-w(e)), gdzie w(e) jest liczb\u0105 wierzcho\u0142k\u00f3w w poddrzewie.</p>", "coolness": 6, "problem": 1}, "model": "tcs.solution"}, {"pk": 4, "fields": {"name": "Rozwi\u0105zanie brutalne 3", "expected_score": 40, "author": 1, "difficulty": 9, "bucket": 21, "accepted": true, "date": "2013-07-08T10:19:49.820Z", "text": "<p>Dla ka\u017cdej kraw\u0119dzi brutalnie liczymy liczb\u0119 wierzcho\u0142k\u00f3w po jednej ze stron.</p>", "coolness": 8, "problem": 1}, "model": "tcs.solution"}, {"pk": 6, "fields": {"name": "Rozwi\u0105zanie niepoprawne 1", "expected_score": 0, "author": 2, "difficulty": 13, "bucket": 23, "accepted": true, "date": "2013-07-08T11:27:05.746Z", "text": "<p>Dodajemy wierzcho\u0142ki od g\u00f3ry do do\u0142u. Dla ka\u017cdego wierzcho\u0142ka liczymy odleg\u0142o\u015b\u0107\u00a0do pozosta\u0142ych w momencie jego dodania.</p>", "coolness": 12, "problem": 1}, "model": "tcs.solution"}, {"pk": 1, "fields": {"name": "D\u0142ugo\u015b\u0107 \u015bcie\u017cek", "date": "2013-07-06T18:04:29.948Z", "author": 1, "bucket": 16, "description": "<p>Dane jest drzewo. Policzy\u0107 sum\u0119 d\u0142ugo\u015bci \u015bcie\u017cek mi\u0119dzy ka\u017cd\u0105 par\u0105 wierzcho\u0142k\u00f3w w tym\u017ce drzewie.</p>", "slug": "dlugosc-sciezek", "coolness": 1, "competition": 1}, "model": "tcs.problem"}, {"pk": 1, "fields": {"name": "WIC 2013", "slug": "wic-2013", "group": 1}, "model": "tcs.competition"}, {"pk": 1, "fields": {"user": 1, "bucket": 1, "count": 0}, "model": "tcs.commentalert"}, {"pk": 2, "fields": {"user": 1, "bucket": 2, "count": 0}, "model": "tcs.commentalert"}, {"pk": 3, "fields": {"user": 1, "bucket": 3, "count": 0}, "model": "tcs.commentalert"}, {"pk": 4, "fields": {"user": 1, "bucket": 4, "count": 0}, "model": "tcs.commentalert"}, {"pk": 5, "fields": {"user": 1, "bucket": 5, "count": 0}, "model": "tcs.commentalert"}, {"pk": 6, "fields": {"user": 1, "bucket": 6, "count": 0}, "model": "tcs.commentalert"}, {"pk": 7, "fields": {"user": 1, "bucket": 7, "count": 0}, "model": "tcs.commentalert"}, {"pk": 8, "fields": {"user": 1, "bucket": 8, "count": 0}, "model": "tcs.commentalert"}, {"pk": 9, "fields": {"user": 1, "bucket": 9, "count": 0}, "model": "tcs.commentalert"}, {"pk": 10, "fields": {"user": 1, "bucket": 10, "count": 0}, "model": "tcs.commentalert"}, {"pk": 11, "fields": {"user": 1, "bucket": 11, "count": 0}, "model": "tcs.commentalert"}, {"pk": 12, "fields": {"user": 1, "bucket": 12, "count": 1}, "model": "tcs.commentalert"}, {"pk": 13, "fields": {"user": 1, "bucket": 13, "count": 0}, "model": "tcs.commentalert"}, {"pk": 14, "fields": {"user": 1, "bucket": 14, "count": 0}, "model": "tcs.commentalert"}, {"pk": 15, "fields": {"user": 1, "bucket": 15, "count": 1}, "model": "tcs.commentalert"}, {"pk": 16, "fields": {"user": 1, "bucket": 16, "count": 1}, "model": "tcs.commentalert"}, {"pk": 17, "fields": {"user": 1, "bucket": 17, "count": 1}, "model": "tcs.commentalert"}, {"pk": 18, "fields": {"user": 1, "bucket": 18, "count": 2}, "model": "tcs.commentalert"}, {"pk": 19, "fields": {"user": 1, "bucket": 19, "count": 2}, "model": "tcs.commentalert"}, {"pk": 20, "fields": {"user": 1, "bucket": 20, "count": 1}, "model": "tcs.commentalert"}, {"pk": 21, "fields": {"user": 1, "bucket": 21, "count": 1}, "model": "tcs.commentalert"}, {"pk": 22, "fields": {"user": 1, "bucket": 22, "count": 0}, "model": "tcs.commentalert"}, {"pk": 23, "fields": {"user": 1, "bucket": 23, "count": 16}, "model": "tcs.commentalert"}, {"pk": 1, "fields": {"title": "Test", "text": "testesstetesrseserttrretrtretretre\r\n\r\nfdg", "user": 1, "bucket": 12, "date": "2013-07-06T13:30:27.309Z"}, "model": "tcs.comment"}, {"pk": 3, "fields": {"title": "sfd", "text": "sdf", "user": 1, "bucket": 15, "date": "2013-07-06T17:40:55.543Z"}, "model": "tcs.comment"}, {"pk": 4, "fields": {"title": "Trudne zadanie", "text": "Ciekawe, jak zrobi\u0107...", "user": 1, "bucket": 16, "date": "2013-07-06T18:10:50.763Z"}, "model": "tcs.comment"}, {"pk": 5, "fields": {"title": "Zaakceptowano rozwi\u0105zanie", "text": "", "user": 1, "bucket": 23, "date": "2013-07-08T11:05:20.317Z"}, "model": "tcs.comment"}, {"pk": 6, "fields": {"title": "Cofni\u0119to zaakceptowanie", "text": "", "user": 1, "bucket": 23, "date": "2013-07-08T11:05:20.525Z"}, "model": "tcs.comment"}, {"pk": 7, "fields": {"title": "Zaakceptowano rozwi\u0105zanie", "text": "", "user": 1, "bucket": 23, "date": "2013-07-08T11:22:21.631Z"}, "model": "tcs.comment"}, {"pk": 8, "fields": {"title": "Cofni\u0119to zaakceptowanie", "text": "", "user": 1, "bucket": 23, "date": "2013-07-08T11:22:21.843Z"}, "model": "tcs.comment"}, {"pk": 9, "fields": {"title": "Zaakceptowano rozwi\u0105zanie", "text": "", "user": 1, "bucket": 23, "date": "2013-07-08T11:22:27.740Z"}, "model": "tcs.comment"}, {"pk": 10, "fields": {"title": "Cofni\u0119to zaakceptowanie", "text": "", "user": 1, "bucket": 23, "date": "2013-07-08T11:22:27.904Z"}, "model": "tcs.comment"}, {"pk": 11, "fields": {"title": "Zaakceptowano rozwi\u0105zanie", "text": "", "user": 1, "bucket": 23, "date": "2013-07-08T11:23:31.762Z"}, "model": "tcs.comment"}, {"pk": 12, "fields": {"title": "Cofni\u0119to akceptacj\u0119", "text": "<p>Pow\u00f3d: zmiana tre\u015bci rozwi\u0105zania.</p>", "user": 1, "bucket": 23, "date": "2013-07-08T11:24:08.226Z"}, "model": "tcs.comment"}, {"pk": 13, "fields": {"title": "Cofni\u0119to akceptacj\u0119", "text": "<p>Pow\u00f3d: zmiana tre\u015bci rozwi\u0105zania.</p>", "user": 1, "bucket": 23, "date": "2013-07-08T11:25:37.979Z"}, "model": "tcs.comment"}, {"pk": 14, "fields": {"title": "Cofni\u0119to akceptacj\u0119", "text": "", "user": 1, "bucket": 23, "date": "2013-07-08T11:26:01.948Z"}, "model": "tcs.comment"}, {"pk": 15, "fields": {"title": "Zaakceptowano rozwi\u0105zanie", "text": "", "user": 1, "bucket": 23, "date": "2013-07-08T11:26:04.107Z"}, "model": "tcs.comment"}, {"pk": 16, "fields": {"title": "Cofni\u0119to akceptacj\u0119", "text": "<p>Pow\u00f3d: zmiana tre\u015bci rozwi\u0105zania.</p>", "user": 1, "bucket": 23, "date": "2013-07-08T11:26:36.743Z"}, "model": "tcs.comment"}, {"pk": 17, "fields": {"title": "Cofni\u0119to akceptacj\u0119", "text": "<p>Pow\u00f3d: zmiana tre\u015bci rozwi\u0105zania.</p>", "user": 1, "bucket": 23, "date": "2013-07-08T11:26:49.686Z"}, "model": "tcs.comment"}, {"pk": 18, "fields": {"title": "Cofni\u0119to akceptacj\u0119", "text": "<p>Pow\u00f3d: zmiana tre\u015bci rozwi\u0105zania.</p>", "user": 1, "bucket": 23, "date": "2013-07-08T11:27:05.746Z"}, "model": "tcs.comment"}, {"pk": 19, "fields": {"title": "Odrzucono rozwi\u0105zanie", "text": "", "user": 1, "bucket": 23, "date": "2013-07-08T11:33:55.214Z"}, "model": "tcs.comment"}, {"pk": 20, "fields": {"title": "Zaakceptowano rozwi\u0105zanie", "text": "", "user": 1, "bucket": 23, "date": "2013-07-08T11:34:07.511Z"}, "model": "tcs.comment"}, {"pk": 21, "fields": {"title": "Zaakceptowano rozwi\u0105zanie", "text": "", "user": 1, "bucket": 21, "date": "2013-07-08T11:34:12.570Z"}, "model": "tcs.comment"}, {"pk": 22, "fields": {"title": "Zaakceptowano rozwi\u0105zanie", "text": "", "user": 1, "bucket": 18, "date": "2013-07-08T11:34:18.381Z"}, "model": "tcs.comment"}, {"pk": 23, "fields": {"title": "Zaakceptowano rozwi\u0105zanie", "text": "", "user": 1, "bucket": 19, "date": "2013-07-08T11:34:21.180Z"}, "model": "tcs.comment"}, {"pk": 24, "fields": {"title": "Zaakceptowano rozwi\u0105zanie", "text": "", "user": 1, "bucket": 18, "date": "2013-07-08T12:43:31.395Z"}, "model": "tcs.comment"}, {"pk": 25, "fields": {"title": "Zaakceptowano rozwi\u0105zanie", "text": "", "user": 1, "bucket": 19, "date": "2013-07-08T12:43:42.501Z"}, "model": "tcs.comment"}, {"pk": 26, "fields": {"title": "Zaakceptowano rozwi\u0105zanie", "text": "", "user": 1, "bucket": 20, "date": "2013-07-08T12:43:44.931Z"}, "model": "tcs.comment"}, {"pk": 27, "fields": {"title": "x", "text": "y", "user": 1, "bucket": 17, "date": "2013-07-08T12:45:51.546Z"}, "model": "tcs.comment"}, {"pk": 28, "fields": {"title": "a", "text": "b", "user": 1, "bucket": 16, "date": "2013-07-08T12:57:41.387Z"}, "model": "tcs.comment"}, {"pk": 1, "fields": {"user": 1, "value": 3, "bucket": 1}, "model": "tcs.vote"}, {"pk": 2, "fields": {"user": 1, "value": 1, "bucket": 3}, "model": "tcs.vote"}, {"pk": 3, "fields": {"user": 1, "value": 2, "bucket": 2}, "model": "tcs.vote"}, {"pk": 4, "fields": {"user": 1, "value": 3, "bucket": 7}, "model": "tcs.vote"}, {"pk": 5, "fields": {"user": 1, "value": 2, "bucket": 6}, "model": "tcs.vote"}, {"pk": 7, "fields": {"user": 1, "value": 2, "bucket": 4}, "model": "tcs.vote"}, {"pk": 8, "fields": {"user": 1, "value": 2, "bucket": 5}, "model": "tcs.vote"}]